Sl No:,Customer,Date,Type,Amount
1,A1,12-Jan-04,JEWELLERY,192556
2,A1,03-Jan-04,PETRO,329981
3,A1,15-Jan-04,CLOTHES,497169
4,A1,25-Jan-04,FOOD,377836
5,A1,17-Jan-05,CAMERA,45786
6,A1,23-Feb-05,SANDALS,468709
7,A1,01-Feb-05,CAR,49839
8,A8,05-Feb-04,BIKE,225606
9,A9,28-Feb-05,AUTO,423348
10,A10,16-Feb-05,SHOPPING,81578
11,A11,23-Feb-05,AIR TICKET,29871
12,A12,03-Feb-05,BUS TICKET,347599
13,A13,04-Feb-06,TRAIN TICKET,92507
14,A14,25-Mar-06,RENTAL,121388
15,A15,31-Mar-06,MOVIE TICKET,426730
16,A16,23-Mar-06,JEWELLERY,270243
17,A17,19-Mar-04,PETRO,421199
18,A18,05-Mar-06,CLOTHES,275990
19,A19,04-Apr-05,FOOD,127768
20,A20,30-Apr-06,JEWELLERY,436731
21,A21,25-Apr-04,PETRO,374327
22,A22,19-Apr-06,CLOTHES,62467
23,A23,06-Apr-04,FOOD,311073
24,A24,27-Apr-05,CAMERA,87026
25,A25,05-May-04,SANDALS,383744
26,A26,06-May-06,CAR,185719
27,A27,07-May-05,BIKE,107492
28,A28,08-May-06,AUTO,351472
29,A29,09-May-05,SHOPPING,447069
30,A30,10-May-06,AIR TICKET,359637
31,A31,11-Jul-06,BUS TICKET,437366
32,A32,12-Aug-05,TRAIN TICKET,288833
33,A33,13-Sep-04,RENTAL,812
34,A34,20-Nov-05,MOVIE TICKET,14494
35,A35,21-Nov-06,CAMERA,99447
36,A36,22-Nov-05,SANDALS,94480
37,A37,23-Nov-04,CAR,99488
38,A38,24-May-05,BIKE,448101
39,A39,25-May-05,AUTO,35137
40,A40,26-May-05,SHOPPING,59827
41,A41,27-May-05,AIR TICKET,33569
42,A42,28-May-05,BUS TICKET,275183
43,A43,29-May-05,TRAIN TICKET,111815
44,A44,30-May-05,RENTAL,159940
45,A45,31-May-05,MOVIE TICKET,30402
46,A46,01-Jun-05,JEWELLERY,253751
47,A47,02-Jun-05,PETRO,279523
48,A48,03-Jun-05,CLOTHES,497868
49,A49,03-Jul-05,FOOD,183919
50,A50,03-Aug-05,CAMERA,437844
51,A51,03-Sep-05,SANDALS,413018
52,A52,03-Oct-05,CAR,72282
53,A53,03-Nov-05,BIKE,437979
54,A54,03-Dec-05,AUTO,155256
55,A55,03-Jan-06,SHOPPING,303898
56,A56,03-Feb-06,AIR TICKET,441208
57,A57,03-Mar-06,BUS TICKET,83750
58,A58,03-Apr-06,TRAIN TICKET,58988
59,A59,03-May-06,RENTAL,477017
60,A60,03-Jun-06,MOVIE TICKET,110343
61,A61,03-Jul-06,JEWELLERY,94604
62,A60,03-Aug-06,PETRO,362037
63,A61,03-Sep-06,CLOTHES,362827
64,A62,03-Oct-06,FOOD,121018
65,A63,03-Nov-06,CAMERA,264776
66,A64,03-Dec-06,SANDALS,388660
67,A65,12-Jan-04,CAR,143667
68,A66,03-Jan-04,BIKE,96402
69,A67,15-Jan-04,AUTO,468562
70,A68,25-Jan-04,SHOPPING,53006
71,A69,17-Jan-05,AIR TICKET,103999
72,A70,23-Feb-05,AIR TICKET,146869
73,A71,01-Feb-05,AIR TICKET,487031
74,A72,05-Feb-04,AIR TICKET,449549
75,A73,28-Feb-05,AIR TICKET,328353
76,A74,16-Feb-05,AIR TICKET,25167
77,A75,23-Feb-05,AIR TICKET,475058
78,A76,03-Feb-05,AIR TICKET,337170
79,A77,04-Feb-06,AIR TICKET,62888
80,A78,25-Mar-06,CAMERA,186989
81,A79,31-Mar-06,SANDALS,139080
82,A80,23-Mar-06,CAR,131305
83,A81,24-Mar-06,BIKE,449598
84,A82,25-Mar-06,AUTO,118314
85,A83,26-Mar-06,SHOPPING,54128
86,A84,27-Mar-06,AIR TICKET,479669
87,A85,28-Mar-06,BUS TICKET,255193
88,A86,29-Mar-06,TRAIN TICKET,223249
89,A87,30-Mar-06,RENTAL,363229
90,A88,31-Mar-06,MOVIE TICKET,40342
91,A89,01-Apr-06,JEWELLERY,48425
92,A90,02-Apr-06,PETRO,135779
93,A91,03-Apr-06,CLOTHES,255500
94,A92,04-Apr-06,FOOD,114350
95,A93,12-Jan-04,CAMERA,367765
96,A94,03-Jan-04,SANDALS,313081
97,A95,15-Jan-04,CAR,155104
98,A96,25-Jan-04,BIKE,176104
99,A97,12-Jan-04,AUTO,295111
100,A98,03-Jan-04,SHOPPING,449635
101,A99,15-Jan-04,AIR TICKET,306996
102,A100,25-Jan-04,BUS TICKET,30470
103,A1,12-Jan-04,TRAIN TICKET,295787
104,A2,03-Jan-04,RENTAL,395309
105,A3,15-Jan-04,MOVIE TICKET,398903
106,A4,25-Jan-04,JEWELLERY,179002
107,A5,12-Jan-04,PETRO,474177
108,A6,03-Jan-04,CLOTHES,134733
109,A7,15-Jan-04,FOOD,151090
110,A8,12-Jan-04,CAMERA,484379
111,A9,03-Jan-04,CAMERA,52030
112,A10,15-Jan-04,CAMERA,26668
113,A11,25-Jan-04,CAMERA,397779
114,A12,17-Jan-05,CAMERA,351797
115,A13,23-Feb-05,SHOPPING,428739
116,A14,01-Feb-05,AIR TICKET,215178
117,A1,05-Feb-04,BUS TICKET,6310
118,A2,28-Feb-05,TRAIN TICKET,52760
119,A3,16-Feb-05,TRAIN TICKET,146356
120,A4,23-Feb-05,TRAIN TICKET,166612
121,A5,03-Feb-05,TRAIN TICKET,74621
122,A6,04-Feb-06,TRAIN TICKET,423873
123,A7,25-Mar-06,TRAIN TICKET,420157
124,A8,31-Mar-06,TRAIN TICKET,330155
125,A9,23-Mar-06,CAMERA,274997
126,A10,19-Mar-04,SANDALS,85184
127,A11,05-Mar-06,CAR,3500
128,A12,04-Apr-05,BIKE,37796
129,A13,30-Apr-06,AUTO,62097
130,A14,25-Apr-04,SHOPPING,277745
131,A1,19-Apr-06,AIR TICKET,478970
132,A2,06-Apr-04,BUS TICKET,40494
133,A3,27-Apr-05,TRAIN TICKET,252717
134,A4,05-May-04,RENTAL,378479
135,A5,06-May-06,MOVIE TICKET,148344
136,A6,07-May-05,JEWELLERY,143745
137,A7,08-May-06,PETRO,223039
138,A8,09-May-05,PETRO,400120
139,A9,10-May-06,PETRO,450533
140,A10,11-Jul-06,PETRO,361581
141,A11,12-Aug-05,PETRO,447896
142,A12,13-Sep-04,PETRO,398942
143,A13,20-Nov-05,PETRO,317191
144,A14,21-Nov-06,PETRO,259313
145,A1,22-Nov-05,PETRO,5038
146,A2,23-Nov-04,PETRO,138237
147,A3,24-May-05,PETRO,35692
148,A4,25-May-05,PETRO,279883
149,A5,26-May-05,PETRO,140476
150,A6,27-May-05,MOVIE TICKET,322179
151,A7,28-May-05,CAMERA,256772
152,A8,29-May-05,CAMERA,312984
153,A9,30-May-05,CAMERA,140957
154,A10,31-May-05,SHOPPING,437456
155,A11,01-Jun-05,AIR TICKET,194879
156,A12,02-Jun-05,BUS TICKET,188985
157,A13,03-Jun-05,TRAIN TICKET,302767
158,A14,03-Jul-05,RENTAL,236089
159,A1,03-Aug-05,MOVIE TICKET,395067
160,A2,03-Sep-05,JEWELLERY,442146
161,A3,03-Oct-05,PETRO,226222
162,A4,03-Nov-05,CLOTHES,384974
163,A5,03-Dec-05,FOOD,225906
164,A6,03-Jan-06,CAMERA,323994
165,A7,03-Feb-06,SANDALS,62824
166,A8,03-Mar-06,CAR,419136
167,A9,03-Apr-06,BIKE,224315
168,A10,03-May-06,AUTO,215263
169,A11,03-Jun-06,SHOPPING,327906
170,A12,03-Jul-06,AIR TICKET,161275
171,A13,03-Aug-06,BUS TICKET,448286
172,A14,03-Sep-06,TRAIN TICKET,46151
173,A1,03-Oct-06,RENTAL,223793
174,A2,03-Nov-06,MOVIE TICKET,59133
175,A3,03-Dec-06,JEWELLERY,345115
176,A4,12-Jan-04,PETRO,324206
177,A5,03-Jan-04,CLOTHES,151995
178,A6,15-Jan-04,FOOD,291088
179,A7,25-Jan-04,FOOD,413136
180,A8,17-Jan-05,FOOD,314797
181,A9,23-Feb-05,FOOD,28766
182,A10,01-Feb-05,FOOD,404773
183,A11,05-Feb-04,FOOD,363716
184,A12,28-Feb-05,FOOD,284302
185,A13,16-Feb-05,FOOD,32883
186,A14,23-Feb-05,FOOD,49554
187,A1,03-Feb-05,FOOD,10915
188,A2,04-Feb-06,FOOD,155033
189,A3,25-Mar-06,FOOD,366619
190,A4,31-Mar-06,FOOD,204647
191,A5,23-Mar-06,FOOD,346154
192,A6,24-Mar-06,FOOD,235135
193,A7,25-Mar-06,FOOD,66362
194,A8,26-Mar-06,FOOD,220208
195,A9,27-Mar-06,FOOD,43061
196,A10,28-Mar-06,FOOD,478316
197,A11,29-Mar-06,FOOD,251473
198,A12,30-Mar-06,SHOPPING,115774
199,A13,31-Mar-06,AIR TICKET,154555
200,A14,01-Apr-06,BUS TICKET,433172
201,A1,02-Apr-06,TRAIN TICKET,234395
202,A2,03-Apr-06,RENTAL,268419
203,A3,04-Apr-06,MOVIE TICKET,376489
204,A4,12-Jan-04,JEWELLERY,384708
205,A5,03-Jan-04,PETRO,85143
206,A6,15-Jan-04,CLOTHES,231330
207,A7,25-Jan-04,FOOD,115858
208,A8,12-Jan-04,CAMERA,165448
209,A9,03-Jan-04,CAMERA,215139
210,A10,15-Jan-04,CAMERA,242273
211,A11,25-Jan-04,CAMERA,173986
212,A12,12-Jan-04,SHOPPING,379560
213,A13,03-Jan-04,AIR TICKET,495191
214,A14,15-Jan-04,BUS TICKET,317563
215,A1,25-Jan-04,TRAIN TICKET,180085
216,A2,12-Jan-04,RENTAL,348248
217,A3,03-Jan-04,MOVIE TICKET,145793
218,A4,15-Jan-04,JEWELLERY,299817
219,A5,12-Jan-04,PETRO,293485
220,A6,03-Jan-04,CLOTHES,171289
221,A7,15-Jan-04,CLOTHES,158121
222,A8,25-Jan-04,CLOTHES,197754
223,A9,17-Jan-05,CLOTHES,179462
224,A10,23-Feb-05,CLOTHES,444265
225,A11,01-Feb-05,CLOTHES,20866
226,A12,05-Feb-04,CLOTHES,120924
227,A13,28-Feb-05,CLOTHES,499445
228,A14,16-Feb-05,CLOTHES,363373
229,A1,23-Feb-05,CLOTHES,472595
230,A2,03-Feb-05,CLOTHES,160494
231,A3,04-Feb-06,CLOTHES,33798
232,A4,25-Mar-06,CLOTHES,72841
233,A5,31-Mar-06,CLOTHES,155392
234,A6,23-Mar-06,CLOTHES,6073
235,A7,19-Mar-04,CLOTHES,152425
236,A8,05-Mar-06,CLOTHES,444027
237,A9,04-Apr-05,CAMERA,6252
238,A10,30-Apr-06,CAMERA,483318
239,A11,25-Apr-04,CAMERA,474697
240,A12,19-Apr-06,CAMERA,100449
241,A13,06-Apr-04,SHOPPING,368058
242,A14,27-Apr-05,AIR TICKET,383000
243,A1,05-May-04,BUS TICKET,258578
244,A2,06-May-06,TRAIN TICKET,252189
245,A3,07-May-05,RENTAL,381075
246,A4,08-May-06,MOVIE TICKET,234044
247,A5,09-May-05,JEWELLERY,387965
248,A6,10-May-06,PETRO,264015
249,A7,11-Jul-06,PETRO,430719
250,A8,12-Aug-05,PETRO,244881
251,A9,13-Sep-04,PETRO,447788
252,A10,20-Nov-05,PETRO,169438
253,A11,21-Nov-06,PETRO,471716
254,A12,22-Nov-05,PETRO,222733
255,A13,23-Nov-04,PETRO,51611
256,A14,24-May-05,PETRO,270176
257,A5,25-May-05,PETRO,318957
258,A6,26-May-05,PETRO,34119
259,A7,27-May-05,PETRO,342435
260,A8,28-May-05,PETRO,498891
261,A9,29-May-05,PETRO,490609
262,A10,30-May-05,PETRO,73013
263,A11,31-May-05,PETRO,189154
264,A12,01-Jun-05,CLOTHES,471040
265,A13,02-Jun-05,FOOD,410460
266,A14,03-Jun-05,CAMERA,347814
267,A15,03-Jul-05,CAMERA,256984
268,A16,03-Aug-05,CAMERA,9016
269,A17,03-Sep-05,CAMERA,33272
270,A18,03-Oct-05,SHOPPING,306227
271,A19,03-Nov-05,AIR TICKET,377485
272,A20,03-Dec-05,AIR TICKET,300389
273,A21,03-Jan-06,AIR TICKET,206080
274,A22,03-Feb-06,AIR TICKET,138399
275,A5,03-Mar-06,AIR TICKET,109386
276,A6,03-Apr-06,AIR TICKET,352163
277,A7,03-May-06,AIR TICKET,430515
278,A8,03-Jun-06,AIR TICKET,362101
279,A9,03-Jul-06,AIR TICKET,367234
280,A10,03-Aug-06,AIR TICKET,375967
281,A11,03-Sep-06,AIR TICKET,352219
282,A12,03-Oct-06,CAR,340556
283,A13,03-Nov-06,BIKE,189417
284,A14,03-Dec-06,AUTO,456074
285,A15,12-Jan-04,SHOPPING,189845
286,A16,03-Jan-04,AIR TICKET,45581
287,A17,15-Jan-04,BUS TICKET,461117
288,A18,25-Jan-04,TRAIN TICKET,121879
289,A19,17-Jan-05,RENTAL,405160
290,A20,23-Feb-05,MOVIE TICKET,129429
291,A21,01-Feb-05,JEWELLERY,353623
292,A22,05-Feb-04,PETRO,312682
293,A5,28-Feb-05,CLOTHES,189673
294,A6,16-Feb-05,FOOD,463355
295,A7,23-Feb-05,CAMERA,159406
296,A8,03-Feb-05,CAMERA,332064
297,A9,04-Feb-06,CAMERA,336140
298,A10,25-Mar-06,CAMERA,17402
299,A11,31-Mar-06,CAMERA,495995
300,A12,23-Mar-06,CAMERA,176302
301,A13,24-Mar-06,CAMERA,123453
302,A14,25-Mar-06,CAMERA,185431
303,A15,26-Mar-06,CAMERA,203400
304,A16,27-Mar-06,CAMERA,347442
305,A17,28-Mar-06,CAMERA,269391
306,A18,29-Mar-06,CAMERA,393017
307,A19,30-Mar-06,CLOTHES,350375
308,A20,31-Mar-06,FOOD,138516
309,A21,01-Apr-06,CAMERA,316667
310,A22,02-Apr-06,SANDALS,18290
311,A5,03-Apr-06,CAR,257257
312,A6,04-Apr-06,BIKE,423875
313,A7,12-Jan-04,AUTO,477684
314,A8,03-Jan-04,SHOPPING,29279
315,A9,15-Jan-04,AIR TICKET,479540
316,A10,25-Jan-04,BUS TICKET,270097
317,A11,12-Jan-04,TRAIN TICKET,453741
318,A12,03-Jan-04,RENTAL,418554
319,A13,15-Jan-04,MOVIE TICKET,29954
320,A14,25-Jan-04,JEWELLERY,268685
321,A15,12-Jan-04,PETRO,171350
322,A16,03-Jan-04,CLOTHES,286459
323,A17,15-Jan-04,FOOD,47948
324,A18,25-Jan-04,FOOD,288139
325,A19,12-Jan-04,FOOD,165905
326,A20,03-Jan-04,FOOD,1035
327,A21,15-Jan-04,FOOD,304171
328,A22,12-Jan-04,FOOD,309667
329,A5,03-Jan-04,FOOD,127268
330,A6,15-Jan-04,BUS TICKET,401247
331,A7,25-Jan-04,TRAIN TICKET,480202
332,A8,17-Jan-05,RENTAL,7980
333,A9,23-Feb-05,MOVIE TICKET,122277
334,A10,01-Feb-05,JEWELLERY,84712
335,A11,05-Feb-04,PETRO,451155
336,A12,28-Feb-05,CLOTHES,302968
337,A13,16-Feb-05,FOOD,288079
338,A14,23-Feb-05,CAMERA,50451
339,A15,03-Feb-05,SANDALS,429575
340,A16,04-Feb-06,CAR,328306
341,A17,25-Mar-06,BIKE,243763
342,A18,31-Mar-06,AUTO,346179
343,A19,23-Mar-06,SHOPPING,5788
344,A20,19-Mar-04,AIR TICKET,154697
345,A21,05-Mar-06,BUS TICKET,217615
346,A22,04-Apr-05,TRAIN TICKET,457743
347,A5,30-Apr-06,RENTAL,314572
348,A6,25-Apr-04,MOVIE TICKET,440522
349,A7,19-Apr-06,JEWELLERY,493143
350,A8,06-Apr-04,PETRO,142929
351,A9,27-Apr-05,CLOTHES,312970
352,A10,05-May-04,FOOD,136794
353,A11,06-May-06,CAMERA,32734
354,A12,07-May-05,CAMERA,200406
355,A13,08-May-06,CAMERA,353478
356,A14,09-May-05,CAMERA,304912
357,A15,10-May-06,SHOPPING,116898
358,A16,11-Jul-06,AIR TICKET,111221
359,A17,12-Aug-05,BUS TICKET,199798
360,A18,13-Sep-04,TRAIN TICKET,359081
361,A19,20-Nov-05,RENTAL,166991
362,A20,21-Nov-06,MOVIE TICKET,319129
363,A21,22-Nov-05,JEWELLERY,341107
364,A22,23-Nov-04,PETRO,358431
365,A12,24-May-05,CLOTHES,21667
366,A13,25-May-05,FOOD,141360
367,A14,26-May-05,FOOD,16045
368,A15,27-May-05,FOOD,432005
369,A16,28-May-05,FOOD,383689
370,A17,29-May-05,FOOD,369750
371,A18,30-May-05,FOOD,95437
372,A19,31-May-05,FOOD,391775
373,A20,01-Jun-05,FOOD,246531
374,A21,02-Jun-05,FOOD,359845
375,A22,03-Jun-05,FOOD,332463
376,A23,03-Jul-05,FOOD,283986
377,A24,03-Aug-05,FOOD,335520
378,A25,03-Sep-05,JEWELLERY,490723
379,A26,03-Oct-05,PETRO,274221
380,A27,03-Nov-05,CLOTHES,325712
381,A28,03-Dec-05,FOOD,469783
382,A29,03-Jan-06,CAMERA,126172
383,A30,03-Feb-06,BIKE,210355
384,A12,03-Mar-06,AUTO,263573
385,A13,03-Apr-06,SHOPPING,217479
386,A14,03-May-06,AIR TICKET,473036
387,A15,03-Jun-06,BUS TICKET,279742
388,A16,03-Jul-06,TRAIN TICKET,110758
389,A17,03-Aug-06,RENTAL,266259
390,A18,03-Sep-06,MOVIE TICKET,193781
391,A19,03-Oct-06,JEWELLERY,433880
392,A20,03-Nov-06,PETRO,288360
393,A21,03-Dec-06,PETRO,140140
394,A22,12-Jan-04,PETRO,345453
395,A23,03-Jan-04,PETRO,165516
396,A24,15-Jan-04,PETRO,468922
397,A25,25-Jan-04,PETRO,164366
398,A26,17-Jan-05,PETRO,89699
399,A27,23-Feb-05,PETRO,415529
400,A28,01-Feb-05,PETRO,466929
401,A29,05-Feb-04,PETRO,321024
402,A30,28-Feb-05,PETRO,94773
403,A12,16-Feb-05,RENTAL,474439
404,A13,23-Feb-05,MOVIE TICKET,60744
405,A14,03-Feb-05,JEWELLERY,190511
406,A15,04-Feb-06,PETRO,198941
407,A16,25-Mar-06,CLOTHES,236675
408,A17,31-Mar-06,FOOD,432471
409,A18,23-Mar-06,CAMERA,79971
410,A19,24-Mar-06,SANDALS,82033
411,A20,25-Mar-06,CAR,51386
412,A21,26-Mar-06,BIKE,207635
413,A22,27-Mar-06,AUTO,486145
414,A23,28-Mar-06,SHOPPING,415438
415,A24,29-Mar-06,AIR TICKET,374219
416,A25,30-Mar-06,BUS TICKET,273692
417,A26,31-Mar-06,TRAIN TICKET,133397
418,A27,01-Apr-06,RENTAL,351692
419,A28,02-Apr-06,MOVIE TICKET,107271
420,A29,03-Apr-06,JEWELLERY,282649
421,A30,04-Apr-06,PETRO,216251
422,A12,12-Jan-04,CLOTHES,215208
423,A13,03-Jan-04,FOOD,265066
424,A14,15-Jan-04,CAMERA,364869
425,A15,25-Jan-04,CAMERA,120673
426,A16,12-Jan-04,CAMERA,291837
427,A17,03-Jan-04,CAMERA,211534
428,A18,15-Jan-04,SHOPPING,353871
429,A19,25-Jan-04,AIR TICKET,443895
430,A20,12-Jan-04,BUS TICKET,148774
431,A21,03-Jan-04,TRAIN TICKET,176767
432,A22,15-Jan-04,RENTAL,410930
433,A23,25-Jan-04,MOVIE TICKET,234242
434,A24,12-Jan-04,JEWELLERY,217770
435,A25,03-Jan-04,PETRO,208782
436,A26,15-Jan-04,CLOTHES,35819
437,A27,12-Jan-04,FOOD,269655
438,A28,03-Jan-04,CAMERA,269789
439,A29,15-Jan-04,SANDALS,110622
440,A30,25-Jan-04,CAR,349867
441,A12,17-Jan-05,BIKE,115176
442,A13,23-Feb-05,AUTO,485487
443,A14,01-Feb-05,SHOPPING,16260
444,A15,05-Feb-04,AIR TICKET,411489
445,A16,28-Feb-05,BUS TICKET,307522
446,A17,16-Feb-05,TRAIN TICKET,395485
447,A18,23-Feb-05,TRAIN TICKET,279727
448,A19,03-Feb-05,TRAIN TICKET,74386
449,A20,04-Feb-06,TRAIN TICKET,151853
450,A21,25-Mar-06,TRAIN TICKET,250876
451,A22,31-Mar-06,TRAIN TICKET,125158
452,A23,23-Mar-06,TRAIN TICKET,282693
453,A24,19-Mar-04,TRAIN TICKET,218333
454,A25,05-Mar-06,TRAIN TICKET,367294
455,A26,04-Apr-05,TRAIN TICKET,380649
456,A27,30-Apr-06,TRAIN TICKET,135511
457,A28,25-Apr-04,TRAIN TICKET,461645
458,A29,19-Apr-06,TRAIN TICKET,110013
459,A30,06-Apr-04,TRAIN TICKET,436098
460,A12,27-Apr-05,TRAIN TICKET,80401
461,A13,05-May-04,TRAIN TICKET,293546
462,A14,06-May-06,TRAIN TICKET,65514
463,A15,07-May-05,TRAIN TICKET,330763
464,A16,08-May-06,TRAIN TICKET,330801
465,A17,09-May-05,TRAIN TICKET,12091
466,A18,10-May-06,TRAIN TICKET,177979
467,A19,11-Jul-06,TRAIN TICKET,242999
468,A20,12-Aug-05,TRAIN TICKET,122805
469,A21,13-Sep-04,TRAIN TICKET,237061
470,A22,20-Nov-05,TRAIN TICKET,224479
471,A23,21-Nov-06,TRAIN TICKET,424140
472,A24,22-Nov-05,TRAIN TICKET,229587
473,A25,23-Nov-04,AIR TICKET,403818
474,A26,24-May-05,AIR TICKET,24858
475,A27,25-May-05,AIR TICKET,458863
476,A28,26-May-05,AIR TICKET,427964
477,A29,27-May-05,AIR TICKET,189625
478,A30,28-May-05,AIR TICKET,393807
479,A12,29-May-05,AIR TICKET,68086
480,A13,30-May-05,AIR TICKET,465929
481,A14,31-May-05,AIR TICKET,351099
482,A15,01-Jun-05,AIR TICKET,368991
483,A16,02-Jun-05,CAMERA,60923
484,A17,03-Jun-05,CAMERA,423211
485,A18,03-Jul-05,CAMERA,320712
486,A19,03-Aug-05,SHOPPING,29477
487,A20,03-Sep-05,AIR TICKET,223540
488,A21,03-Oct-05,BUS TICKET,132879
489,A22,03-Nov-05,TRAIN TICKET,441586
490,A23,03-Dec-05,RENTAL,415791
491,A24,03-Jan-06,MOVIE TICKET,224667
492,A25,03-Feb-06,BIKE,59834
493,A26,03-Mar-06,AUTO,201470
494,A27,03-Apr-06,SHOPPING,272862
495,A28,03-May-06,AIR TICKET,390287
496,A29,03-Jun-06,BUS TICKET,256384
497,A30,03-Jul-06,TRAIN TICKET,471402
498,A12,03-Aug-06,RENTAL,1079
499,A13,03-Sep-06,MOVIE TICKET,156579
500,A14,03-Oct-06,JEWELLERY,212194
501,A15,03-Nov-06,PETRO,36893
502,A16,03-Dec-06,CLOTHES,197545
503,A17,12-Jan-04,FOOD,464792
504,A18,03-Jan-04,CAMERA,259342
505,A19,15-Jan-04,CAMERA,408253
506,A20,25-Jan-04,CAMERA,290089
507,A21,17-Jan-05,CAMERA,118969
508,A22,23-Feb-05,SHOPPING,382151
509,A23,01-Feb-05,AIR TICKET,123473
510,A24,05-Feb-04,BUS TICKET,100599
511,A25,28-Feb-05,TRAIN TICKET,217300
512,A26,16-Feb-05,TRAIN TICKET,187592
513,A27,23-Feb-05,TRAIN TICKET,23825
514,A28,03-Feb-05,TRAIN TICKET,331514
515,A29,04-Feb-06,TRAIN TICKET,374925
516,A30,25-Mar-06,TRAIN TICKET,52068
517,A12,31-Mar-06,TRAIN TICKET,80347
518,A13,23-Mar-06,TRAIN TICKET,450270
519,A14,24-Mar-06,TRAIN TICKET,141836
520,A15,25-Mar-06,TRAIN TICKET,402491
521,A16,26-Mar-06,TRAIN TICKET,303844
522,A17,27-Mar-06,AUTO,322634
523,A18,28-Mar-06,SHOPPING,193104
524,A19,29-Mar-06,AIR TICKET,83196
525,A20,30-Mar-06,BUS TICKET,17492
526,A21,31-Mar-06,TRAIN TICKET,413339
527,A22,01-Apr-06,RENTAL,198005
528,A23,02-Apr-06,MOVIE TICKET,372526
529,A24,03-Apr-06,JEWELLERY,215900
530,A25,04-Apr-06,PETRO,272432
531,A26,12-Jan-04,CLOTHES,279092
532,A27,03-Jan-04,FOOD,224688
533,A28,15-Jan-04,CAMERA,52107
534,A29,25-Jan-04,CAMERA,204048
535,A30,12-Jan-04,CAMERA,461114
536,A12,03-Jan-04,CAMERA,363939
537,A13,15-Jan-04,SHOPPING,379114
538,A14,25-Jan-04,AIR TICKET,340517
539,A15,12-Jan-04,BUS TICKET,290472
540,A16,03-Jan-04,TRAIN TICKET,423598
541,A17,15-Jan-04,RENTAL,324156
542,A18,25-Jan-04,MOVIE TICKET,412350
543,A19,12-Jan-04,JEWELLERY,421520
544,A20,03-Jan-04,PETRO,467019
545,A21,15-Jan-04,PETRO,315151
546,A22,12-Jan-04,PETRO,237949
547,A23,03-Jan-04,PETRO,135450
548,A24,15-Jan-04,PETRO,136629
549,A25,25-Jan-04,PETRO,254789
550,A26,17-Jan-05,PETRO,145818
551,A27,23-Feb-05,PETRO,289769
552,A28,01-Feb-05,PETRO,413888
553,A29,05-Feb-04,PETRO,222387
554,A30,28-Feb-05,PETRO,344126
555,A12,16-Feb-05,PETRO,459750
556,A13,23-Feb-05,PETRO,421508
557,A14,03-Feb-05,PETRO,494449
558,A15,04-Feb-06,PETRO,195158
559,A16,25-Mar-06,PETRO,272659
560,A17,31-Mar-06,PETRO,207049
561,A18,23-Mar-06,PETRO,329163
562,A19,19-Mar-04,PETRO,267017
563,A20,05-Mar-06,PETRO,487414
564,A21,04-Apr-05,PETRO,365683
565,A22,30-Apr-06,PETRO,354736
566,A23,25-Apr-04,PETRO,424551
567,A24,19-Apr-06,AIR TICKET,126372
568,A25,06-Apr-04,BUS TICKET,159108
569,A26,27-Apr-05,TRAIN TICKET,2777
570,A27,05-May-04,RENTAL,482175
571,A28,06-May-06,MOVIE TICKET,176008
572,A29,07-May-05,JEWELLERY,412284
573,A30,08-May-06,PETRO,278357
574,A12,09-May-05,CLOTHES,325770
575,A13,10-May-06,FOOD,42278
576,A14,11-Jul-06,CAMERA,245165
577,A15,12-Aug-05,SANDALS,47027
578,A16,13-Sep-04,CAR,293001
579,A17,20-Nov-05,BIKE,487688
580,A18,21-Nov-06,AUTO,472079
581,A19,22-Nov-05,SHOPPING,365148
582,A20,23-Nov-04,AIR TICKET,374407
583,A21,24-May-05,BUS TICKET,232279
584,A22,25-May-05,TRAIN TICKET,6813
585,A23,26-May-05,RENTAL,159928
586,A24,27-May-05,MOVIE TICKET,386579
587,A25,28-May-05,JEWELLERY,150205
588,A26,29-May-05,PETRO,283115
589,A27,30-May-05,CLOTHES,105904
590,A28,31-May-05,FOOD,385521
591,A29,01-Jun-05,CAMERA,407893
592,A30,02-Jun-05,CAMERA,494110
593,A12,03-Jun-05,CAMERA,23987
594,A13,03-Jul-05,CAMERA,339432
595,A14,03-Aug-05,SHOPPING,47000
596,A15,03-Sep-05,AIR TICKET,168702
597,A16,03-Oct-05,BUS TICKET,255703
598,A17,03-Nov-05,TRAIN TICKET,374311
599,A18,03-Dec-05,RENTAL,453772
600,A19,03-Jan-06,MOVIE TICKET,73313
601,A20,03-Feb-06,BIKE,446720
602,A21,03-Mar-06,AUTO,325098
603,A22,03-Apr-06,SHOPPING,117641
604,A23,03-May-06,AIR TICKET,189378
605,A24,03-Jun-06,BUS TICKET,376708
606,A25,03-Jul-06,TRAIN TICKET,161682
607,A26,03-Aug-06,TRAIN TICKET,431510
608,A27,03-Sep-06,TRAIN TICKET,245823
609,A28,03-Oct-06,TRAIN TICKET,191222
610,A29,03-Nov-06,TRAIN TICKET,222591
611,A30,03-Dec-06,TRAIN TICKET,284126
612,A21,12-Jan-04,TRAIN TICKET,111815
613,A22,03-Jan-04,TRAIN TICKET,50443
614,A23,15-Jan-04,CAMERA,484360
615,A24,25-Jan-04,CAMERA,320256
616,A25,17-Jan-05,CAMERA,112865
617,A26,23-Feb-05,SHOPPING,61500
618,A27,01-Feb-05,AIR TICKET,155082
619,A28,05-Feb-04,BUS TICKET,470151
620,A29,28-Feb-05,TRAIN TICKET,463888
621,A30,16-Feb-05,RENTAL,217973
622,A31,23-Feb-05,MOVIE TICKET,235696
623,A32,03-Feb-05,JEWELLERY,310095
624,A33,04-Feb-06,PETRO,493775
625,A34,25-Mar-06,CLOTHES,279925
626,A35,31-Mar-06,FOOD,240023
627,A36,23-Mar-06,CAMERA,147643
628,A37,24-Mar-06,SANDALS,169685
629,A38,25-Mar-06,CAR,62824
630,A39,26-Mar-06,BIKE,290741
631,A40,27-Mar-06,AUTO,52915
632,A41,28-Mar-06,SHOPPING,119567
633,A42,29-Mar-06,AIR TICKET,389932
634,A43,30-Mar-06,AIR TICKET,116247
635,A44,31-Mar-06,AIR TICKET,124255
636,A45,01-Apr-06,AIR TICKET,342348
637,A46,02-Apr-06,AIR TICKET,272328
638,A47,03-Apr-06,AIR TICKET,98683
639,A48,04-Apr-06,PETRO,383476
640,A49,12-Jan-04,CLOTHES,21704
641,A21,03-Jan-04,FOOD,426065
642,A22,15-Jan-04,CAMERA,92499
643,A23,25-Jan-04,CAMERA,335061
644,A24,12-Jan-04,CAMERA,387321
645,A25,03-Jan-04,CAMERA,142909
646,A26,15-Jan-04,SHOPPING,491026
647,A27,25-Jan-04,AIR TICKET,431101
648,A28,12-Jan-04,BUS TICKET,425107
649,A29,03-Jan-04,TRAIN TICKET,216666
650,A30,15-Jan-04,RENTAL,401294
651,A31,25-Jan-04,MOVIE TICKET,330385
652,A32,12-Jan-04,JEWELLERY,402694
653,A33,03-Jan-04,PETRO,240952
654,A34,15-Jan-04,CLOTHES,396588
655,A35,12-Jan-04,FOOD,105086
656,A36,03-Jan-04,CAMERA,28857
657,A37,15-Jan-04,SANDALS,337265
658,A38,25-Jan-04,CAR,47446
659,A39,17-Jan-05,BIKE,168821
660,A40,23-Feb-05,AUTO,375079
661,A41,01-Feb-05,SHOPPING,219984
662,A42,05-Feb-04,AIR TICKET,104961
663,A43,28-Feb-05,BUS TICKET,159003
664,A44,16-Feb-05,TRAIN TICKET,300919
665,A45,23-Feb-05,RENTAL,405929
666,A46,03-Feb-05,MOVIE TICKET,25218
667,A47,04-Feb-06,JEWELLERY,272987
668,A48,25-Mar-06,PETRO,339459
669,A49,31-Mar-06,CLOTHES,377870
670,A21,23-Mar-06,FOOD,497168
671,A22,19-Mar-04,FOOD,271615
672,A23,05-Mar-06,FOOD,234048
673,A24,04-Apr-05,FOOD,146471
674,A25,30-Apr-06,FOOD,453374
675,A26,25-Apr-04,FOOD,166902
676,A27,19-Apr-06,FOOD,484426
677,A28,06-Apr-04,FOOD,130470
678,A29,27-Apr-05,FOOD,353115
679,A30,05-May-04,FOOD,146436
680,A31,06-May-06,FOOD,357324
681,A32,07-May-05,FOOD,327827
682,A33,08-May-06,FOOD,342717
683,A34,09-May-05,FOOD,275029
684,A35,10-May-06,FOOD,282749
685,A36,11-Jul-06,FOOD,362070
686,A37,12-Aug-05,FOOD,453509
687,A38,13-Sep-04,FOOD,378804
688,A39,20-Nov-05,FOOD,6803
689,A40,21-Nov-06,AUTO,78713
690,A41,22-Nov-05,SHOPPING,418332
691,A42,23-Nov-04,AIR TICKET,418899
692,A43,24-May-05,BUS TICKET,21571
693,A44,25-May-05,BUS TICKET,357592
694,A45,26-May-05,BUS TICKET,321429
695,A46,27-May-05,BUS TICKET,20634
696,A47,28-May-05,BUS TICKET,157031
697,A48,29-May-05,BUS TICKET,465106
698,A49,30-May-05,CLOTHES,278803
699,A21,31-May-05,FOOD,38406
700,A22,01-Jun-05,CAMERA,66515
701,A23,02-Jun-05,CAMERA,273349
702,A24,03-Jun-05,CAMERA,342035
703,A25,03-Jul-05,CAMERA,422674
704,A26,03-Aug-05,SHOPPING,316659
705,A27,03-Sep-05,AIR TICKET,151417
706,A28,03-Oct-05,BUS TICKET,478535
707,A29,03-Nov-05,TRAIN TICKET,24770
708,A30,03-Dec-05,RENTAL,255910
709,A31,03-Jan-06,MOVIE TICKET,98397
710,A32,03-Feb-06,BIKE,182150
711,A33,03-Mar-06,AUTO,51216
712,A34,03-Apr-06,SHOPPING,202475
713,A35,03-May-06,AIR TICKET,49976
714,A36,03-Jun-06,BUS TICKET,71713
715,A37,03-Jul-06,TRAIN TICKET,424459
716,A38,03-Aug-06,RENTAL,371037
717,A39,03-Sep-06,MOVIE TICKET,371536
718,A40,03-Oct-06,JEWELLERY,390765
719,A41,03-Nov-06,PETRO,14116
720,A42,03-Dec-06,PETRO,10232
721,A43,12-Jan-04,PETRO,273360
722,A44,03-Jan-04,PETRO,491808
723,A45,15-Jan-04,PETRO,438409
724,A46,25-Jan-04,PETRO,209351
725,A47,17-Jan-05,PETRO,65876
726,A48,23-Feb-05,PETRO,5064
727,A49,01-Feb-05,PETRO,102093
728,A21,05-Feb-04,BUS TICKET,277000
729,A22,28-Feb-05,TRAIN TICKET,277803
730,A23,16-Feb-05,RENTAL,320334
731,A24,23-Feb-05,MOVIE TICKET,292687
732,A25,03-Feb-05,JEWELLERY,99339
733,A26,04-Feb-06,PETRO,344428
734,A27,25-Mar-06,CLOTHES,386378
735,A28,31-Mar-06,FOOD,402941
736,A29,23-Mar-06,CAMERA,380477
737,A30,24-Mar-06,SANDALS,68760
738,A31,25-Mar-06,CAR,417397
739,A32,26-Mar-06,BIKE,16958
740,A33,27-Mar-06,AUTO,110811
741,A34,28-Mar-06,SHOPPING,309034
742,A35,29-Mar-06,AIR TICKET,281460
743,A36,30-Mar-06,BUS TICKET,146799
744,A37,31-Mar-06,TRAIN TICKET,432796
745,A38,01-Apr-06,RENTAL,496771
746,A39,02-Apr-06,MOVIE TICKET,109074
747,A40,03-Apr-06,JEWELLERY,354440
748,A41,04-Apr-06,PETRO,274266
749,A42,12-Jan-04,CLOTHES,375496
750,A43,03-Jan-04,FOOD,377219
751,A44,15-Jan-04,CAMERA,74383
752,A45,25-Jan-04,CAMERA,341388
753,A46,12-Jan-04,CAMERA,286835
754,A47,03-Jan-04,CAMERA,56013
755,A48,15-Jan-04,SHOPPING,125710
756,A49,25-Jan-04,SHOPPING,83807
757,A21,12-Jan-04,SHOPPING,402733
758,A22,03-Jan-04,SHOPPING,280627
759,A23,15-Jan-04,SHOPPING,24106
760,A24,25-Jan-04,SHOPPING,142832
761,A25,12-Jan-04,SHOPPING,79903
762,A26,03-Jan-04,SHOPPING,181999
763,A27,15-Jan-04,SHOPPING,53097
764,A28,12-Jan-04,SHOPPING,50099
765,A29,03-Jan-04,SHOPPING,82248
766,A30,15-Jan-04,SHOPPING,118073
767,A31,25-Jan-04,SHOPPING,95894
768,A32,17-Jan-05,SHOPPING,15183
769,A33,23-Feb-05,SHOPPING,330792
770,A34,01-Feb-05,SHOPPING,207666
771,A35,05-Feb-04,SHOPPING,41314
772,A36,28-Feb-05,SHOPPING,232916
773,A37,16-Feb-05,SHOPPING,422281
774,A38,23-Feb-05,SHOPPING,337801
775,A39,03-Feb-05,SHOPPING,474673
776,A40,04-Feb-06,SHOPPING,498066
777,A41,25-Mar-06,SHOPPING,318873
778,A42,31-Mar-06,SHOPPING,86267
779,A43,23-Mar-06,FOOD,408649
780,A44,19-Mar-04,CAMERA,45533
781,A45,05-Mar-06,CAMERA,303259
782,A46,04-Apr-05,CAMERA,495786
783,A47,30-Apr-06,CAMERA,262447
784,A48,25-Apr-04,SHOPPING,468434
785,A49,19-Apr-06,AIR TICKET,429358
786,A21,06-Apr-04,BUS TICKET,34247
787,A22,27-Apr-05,TRAIN TICKET,324454
788,A23,05-May-04,RENTAL,464620
789,A24,06-May-06,MOVIE TICKET,149236
790,A25,07-May-05,JEWELLERY,74611
791,A26,08-May-06,PETRO,237217
792,A27,09-May-05,CLOTHES,483602
793,A28,10-May-06,FOOD,350793
794,A29,11-Jul-06,FOOD,473224
795,A30,12-Aug-05,FOOD,81577
796,A31,13-Sep-04,FOOD,227187
797,A32,20-Nov-05,FOOD,221580
798,A33,21-Nov-06,FOOD,14484
799,A34,22-Nov-05,FOOD,414951
800,A35,23-Nov-04,FOOD,378153
801,A36,24-May-05,FOOD,324096
802,A37,25-May-05,FOOD,202449
803,A38,26-May-05,FOOD,67997
804,A39,27-May-05,FOOD,498506
805,A40,28-May-05,FOOD,161428
806,A41,29-May-05,FOOD,60746
807,A42,30-May-05,FOOD,71471
808,A43,31-May-05,FOOD,448949
809,A44,01-Jun-05,FOOD,242990
810,A45,02-Jun-05,CAMERA,355728
811,A46,03-Jun-05,CAMERA,370940
812,A47,03-Jul-05,CAMERA,334421
813,A48,03-Aug-05,SHOPPING,306896
814,A49,03-Sep-05,AIR TICKET,455278
815,A21,03-Oct-05,BUS TICKET,293433
816,A22,03-Nov-05,TRAIN TICKET,407051
817,A23,03-Dec-05,RENTAL,403576
818,A24,03-Jan-06,MOVIE TICKET,294813
819,A25,03-Feb-06,BIKE,135638
820,A26,03-Mar-06,AUTO,439786
821,A27,03-Apr-06,SHOPPING,134622
822,A28,03-May-06,AIR TICKET,266506
823,A29,03-Jun-06,BUS TICKET,253230
824,A30,03-Jul-06,TRAIN TICKET,175250
825,A31,03-Aug-06,RENTAL,393124
826,A32,03-Sep-06,MOVIE TICKET,162277
827,A33,03-Oct-06,JEWELLERY,300900
828,A34,03-Nov-06,PETRO,204680
829,A35,03-Dec-06,CLOTHES,130939
830,A36,12-Jan-04,FOOD,6029
831,A37,03-Jan-04,FOOD,313750
832,A38,15-Jan-04,FOOD,151895
833,A39,25-Jan-04,FOOD,243028
834,A40,17-Jan-05,FOOD,381995
835,A41,23-Feb-05,FOOD,40907
836,A42,01-Feb-05,FOOD,435796
837,A43,05-Feb-04,FOOD,394793
838,A44,28-Feb-05,FOOD,486426
839,A45,16-Feb-05,FOOD,76822
840,A46,23-Feb-05,FOOD,212566
841,A47,03-Feb-05,FOOD,425814
842,A48,04-Feb-06,FOOD,121297
843,A49,25-Mar-06,PETRO,198550
844,A21,31-Mar-06,PETRO,110230
845,A22,23-Mar-06,PETRO,233711
846,A23,24-Mar-06,PETRO,476367
847,A24,25-Mar-06,PETRO,273537
848,A25,26-Mar-06,PETRO,355156
849,A26,27-Mar-06,PETRO,384440
850,A27,28-Mar-06,PETRO,148196
851,A28,29-Mar-06,PETRO,159415
852,A29,30-Mar-06,PETRO,132983
853,A30,31-Mar-06,PETRO,249575
854,A31,01-Apr-06,PETRO,114512
855,A32,02-Apr-06,PETRO,398903
856,A33,03-Apr-06,PETRO,264629
857,A34,04-Apr-06,PETRO,427372
858,A35,12-Jan-04,PETRO,355171
859,A36,03-Jan-04,PETRO,63646
860,A37,15-Jan-04,CAMERA,308599
861,A38,25-Jan-04,CAMERA,189206
862,A39,12-Jan-04,CAMERA,483733
863,A40,03-Jan-04,CAMERA,347028
864,A41,15-Jan-04,SHOPPING,339935
865,A42,25-Jan-04,AIR TICKET,472629
866,A43,12-Jan-04,BUS TICKET,445787
867,A44,03-Jan-04,TRAIN TICKET,38446
868,A45,15-Jan-04,RENTAL,1580
869,A46,25-Jan-04,MOVIE TICKET,97209
870,A47,12-Jan-04,JEWELLERY,195884
871,A48,03-Jan-04,JEWELLERY,63070
872,A49,15-Jan-04,JEWELLERY,320024
873,A21,12-Jan-04,JEWELLERY,182425
874,A22,03-Jan-04,JEWELLERY,290694
875,A23,15-Jan-04,JEWELLERY,294969
876,A24,25-Jan-04,JEWELLERY,24257
877,A25,17-Jan-05,JEWELLERY,469653
878,A26,23-Feb-05,JEWELLERY,436132
879,A27,01-Feb-05,JEWELLERY,453782
880,A28,05-Feb-04,JEWELLERY,216641
881,A29,28-Feb-05,JEWELLERY,117382
882,A30,16-Feb-05,JEWELLERY,139729
883,A31,23-Feb-05,JEWELLERY,27395
884,A32,03-Feb-05,JEWELLERY,19422
885,A33,04-Feb-06,JEWELLERY,218830
886,A34,25-Mar-06,PETRO,217535
887,A35,31-Mar-06,CLOTHES,128245
888,A36,23-Mar-06,FOOD,349479
889,A37,19-Mar-04,CAMERA,87920
890,A38,05-Mar-06,CAMERA,211338
891,A39,04-Apr-05,CAMERA,273042
892,A40,30-Apr-06,CAMERA,98743
893,A41,25-Apr-04,SHOPPING,190480
894,A42,19-Apr-06,AIR TICKET,333624
895,A43,06-Apr-04,BUS TICKET,355118
896,A44,27-Apr-05,TRAIN TICKET,157515
897,A45,05-May-04,RENTAL,419427
898,A46,06-May-06,MOVIE TICKET,306085
899,A47,07-May-05,JEWELLERY,155798
900,A48,08-May-06,PETRO,405768
901,A49,09-May-05,CLOTHES,460560
902,A21,10-May-06,FOOD,166389
903,A22,11-Jul-06,CAMERA,369765
904,A23,12-Aug-05,SANDALS,74906
905,A24,13-Sep-04,CAR,429497
906,A25,20-Nov-05,BIKE,396282
907,A26,21-Nov-06,AUTO,103950
908,A27,22-Nov-05,SHOPPING,22816
909,A28,23-Nov-04,AIR TICKET,133616
910,A29,24-May-05,BUS TICKET,75427
911,A30,25-May-05,TRAIN TICKET,220412
912,A31,26-May-05,RENTAL,428054
913,A32,27-May-05,MOVIE TICKET,369298
914,A33,28-May-05,JEWELLERY,188988
915,A34,29-May-05,PETRO,127875
916,A35,30-May-05,CLOTHES,298838
917,A36,31-May-05,FOOD,279841
918,A37,01-Jun-05,CAMERA,21837
919,A38,02-Jun-05,CAMERA,435228
920,A39,03-Jun-05,CAMERA,444086
921,A40,03-Jul-05,CAMERA,193946
922,A41,03-Aug-05,SHOPPING,209361
923,A42,03-Sep-05,AIR TICKET,477824
924,A43,03-Oct-05,BUS TICKET,165164
925,A44,03-Nov-05,TRAIN TICKET,485344
926,A45,03-Dec-05,RENTAL,18746
927,A46,03-Jan-06,MOVIE TICKET,95838
928,A47,03-Feb-06,BIKE,464668
929,A48,03-Mar-06,AUTO,497364
930,A49,03-Apr-06,SHOPPING,457352
931,A21,03-May-06,AIR TICKET,205856
932,A22,03-Jun-06,BUS TICKET,195565
933,A23,03-Jul-06,TRAIN TICKET,406374
934,A24,03-Aug-06,RENTAL,267524
935,A25,03-Sep-06,MOVIE TICKET,415258
936,A26,03-Oct-06,JEWELLERY,219112
937,A27,03-Nov-06,PETRO,13313
938,A28,03-Dec-06,PETRO,11737
939,A29,12-Jan-04,PETRO,335691
940,A30,03-Jan-04,PETRO,392054
941,A31,15-Jan-04,PETRO,198444
942,A32,25-Jan-04,PETRO,336617
943,A33,17-Jan-05,PETRO,60335
944,A34,23-Feb-05,PETRO,104021
945,A35,01-Feb-05,PETRO,287305
946,A36,05-Feb-04,PETRO,30467
947,A37,28-Feb-05,PETRO,491694
948,A38,16-Feb-05,PETRO,260301
949,A39,23-Feb-05,PETRO,154790
950,A40,03-Feb-05,PETRO,370549
951,A41,04-Feb-06,PETRO,448010
952,A42,25-Mar-06,PETRO,139668
953,A43,31-Mar-06,PETRO,467865
954,A44,23-Mar-06,CAMERA,70059
955,A45,24-Mar-06,SANDALS,232528
956,A46,25-Mar-06,CAR,27266
957,A47,26-Mar-06,BIKE,76890
958,A48,27-Mar-06,AUTO,166637
959,A49,28-Mar-06,SHOPPING,174864
960,A21,29-Mar-06,SHOPPING,427929
961,A22,30-Mar-06,SHOPPING,456105
962,A23,31-Mar-06,SHOPPING,83249
963,A24,01-Apr-06,SHOPPING,366110
964,A25,02-Apr-06,SHOPPING,38741
965,A26,03-Apr-06,SHOPPING,42917
966,A27,04-Apr-06,SHOPPING,201498
967,A28,12-Jan-04,SHOPPING,495837
968,A29,03-Jan-04,SHOPPING,384693
969,A30,15-Jan-04,SHOPPING,124446
970,A31,25-Jan-04,SHOPPING,339338
971,A32,12-Jan-04,SHOPPING,423561
972,A33,03-Jan-04,SHOPPING,253437
973,A34,15-Jan-04,SHOPPING,438560
974,A35,25-Jan-04,SHOPPING,42055
975,A36,12-Jan-04,SHOPPING,244059
976,A37,03-Jan-04,SHOPPING,187476
977,A38,15-Jan-04,BUS TICKET,274426
978,A39,25-Jan-04,BUS TICKET,128882
979,A40,12-Jan-04,BUS TICKET,319869
980,A41,03-Jan-04,BUS TICKET,135612
981,A42,15-Jan-04,BUS TICKET,53504
982,A43,12-Jan-04,BUS TICKET,326279
983,A44,03-Jan-04,CAMERA,224679
984,A45,15-Jan-04,SANDALS,398286
985,A46,25-Jan-04,CAR,364095
986,A47,17-Jan-05,BIKE,357772
987,A48,23-Feb-05,AUTO,439267
988,A49,01-Feb-05,SHOPPING,347358
989,A36,05-Feb-04,AIR TICKET,421870
990,A37,28-Feb-05,BUS TICKET,255355
991,A38,16-Feb-05,TRAIN TICKET,251300
992,A39,23-Feb-05,RENTAL,32411
993,A40,03-Feb-05,MOVIE TICKET,358401
994,A41,04-Feb-06,JEWELLERY,124206
995,A42,25-Mar-06,PETRO,280627
996,A43,31-Mar-06,CLOTHES,427032
997,A44,23-Mar-06,FOOD,168077
998,A45,19-Mar-04,CAMERA,186204
999,A46,05-Mar-06,CAMERA,454881
1000,A47,04-Apr-05,CAMERA,161244
1001,A48,30-Apr-06,CAMERA,399168
1002,A49,25-Apr-04,SHOPPING,11798
1003,A50,19-Apr-06,AIR TICKET,252338
1004,A51,06-Apr-04,BUS TICKET,303101
1005,A52,27-Apr-05,TRAIN TICKET,63667
1006,A53,05-May-04,RENTAL,397624
1007,A54,06-May-06,MOVIE TICKET,213592
1008,A55,07-May-05,JEWELLERY,107774
1009,A56,08-May-06,PETRO,17331
1010,A57,09-May-05,CLOTHES,354823
1011,A58,10-May-06,FOOD,379869
1012,A59,11-Jul-06,CAMERA,14907
1013,A60,12-Aug-05,SANDALS,250615
1014,A61,13-Sep-04,CAR,155060
1015,A60,20-Nov-05,BIKE,324034
1016,A61,21-Nov-06,BIKE,67610
1017,A62,22-Nov-05,BIKE,28368
1018,A36,23-Nov-04,BIKE,204181
1019,A37,24-May-05,BIKE,47844
1020,A38,25-May-05,BIKE,326783
1021,A39,26-May-05,BIKE,350405
1022,A40,27-May-05,BIKE,478720
1023,A41,28-May-05,BIKE,285219
1024,A42,29-May-05,BIKE,397902
1025,A43,30-May-05,BIKE,20435
1026,A44,31-May-05,BIKE,460215
1027,A45,01-Jun-05,CAMERA,318369
1028,A46,02-Jun-05,CAMERA,330670
1029,A47,03-Jun-05,CAMERA,218832
1030,A48,03-Jul-05,CAMERA,151496
1031,A49,03-Aug-05,SHOPPING,436451
1032,A50,03-Sep-05,AIR TICKET,123879
1033,A51,03-Oct-05,BUS TICKET,28394
1034,A52,03-Nov-05,TRAIN TICKET,319460
1035,A53,03-Dec-05,RENTAL,467508
1036,A54,03-Jan-06,MOVIE TICKET,352669
1037,A55,03-Feb-06,BIKE,300702
1038,A56,03-Mar-06,AUTO,301182
1039,A57,03-Apr-06,SHOPPING,191874
1040,A58,03-May-06,AIR TICKET,410411
1041,A59,03-Jun-06,BUS TICKET,423918
1042,A60,03-Jul-06,TRAIN TICKET,345865
1043,A61,03-Aug-06,RENTAL,334765
1044,A60,03-Sep-06,RENTAL,59361
1045,A61,03-Oct-06,RENTAL,272345
1046,A62,03-Nov-06,RENTAL,353090
1047,A36,03-Dec-06,RENTAL,453521
1048,A37,12-Jan-04,RENTAL,418337
1049,A38,03-Jan-04,RENTAL,459270
1050,A39,15-Jan-04,RENTAL,195655
1051,A40,25-Jan-04,RENTAL,276081
1052,A41,17-Jan-05,CAMERA,114328
1053,A42,23-Feb-05,SHOPPING,303771
1054,A43,01-Feb-05,AIR TICKET,16366
1055,A44,05-Feb-04,BUS TICKET,227959
1056,A45,28-Feb-05,TRAIN TICKET,71882
1057,A46,16-Feb-05,RENTAL,59785
1058,A47,23-Feb-05,MOVIE TICKET,356581
1059,A48,03-Feb-05,JEWELLERY,403074
1060,A49,04-Feb-06,PETRO,464609
1061,A50,25-Mar-06,CLOTHES,53465
1062,A51,31-Mar-06,FOOD,472927
1063,A52,23-Mar-06,CAMERA,148748
1064,A53,24-Mar-06,SANDALS,178703
1065,A54,25-Mar-06,CAR,482804
1066,A55,26-Mar-06,BIKE,309074
1067,A56,27-Mar-06,AUTO,422775
1068,A57,28-Mar-06,SHOPPING,373604
1069,A58,29-Mar-06,AIR TICKET,104655
1070,A59,30-Mar-06,BUS TICKET,186347
1071,A60,31-Mar-06,TRAIN TICKET,207025
1072,A61,01-Apr-06,RENTAL,445253
1073,A60,02-Apr-06,MOVIE TICKET,11911
1074,A61,03-Apr-06,JEWELLERY,152094
1075,A62,04-Apr-06,PETRO,232214
1076,A36,12-Jan-04,CLOTHES,70557
1077,A37,03-Jan-04,FOOD,237331
1078,A38,15-Jan-04,FOOD,467844
1079,A39,25-Jan-04,FOOD,45054
1080,A40,12-Jan-04,FOOD,366509
1081,A41,03-Jan-04,FOOD,301318
1082,A42,15-Jan-04,FOOD,438226
1083,A43,25-Jan-04,FOOD,84592
1084,A44,12-Jan-04,FOOD,134260
1085,A45,03-Jan-04,FOOD,143133
1086,A46,15-Jan-04,FOOD,195052
1087,A47,25-Jan-04,FOOD,94405
1088,A48,12-Jan-04,FOOD,448771
1089,A49,03-Jan-04,FOOD,460885
1090,A50,15-Jan-04,CLOTHES,131018
1091,A51,12-Jan-04,FOOD,183864
1092,A52,03-Jan-04,CAMERA,362625
1093,A53,15-Jan-04,SANDALS,87297
1094,A54,25-Jan-04,CAR,90772
1095,A55,17-Jan-05,BIKE,180775
1096,A56,23-Feb-05,AUTO,341719
1097,A57,01-Feb-05,SHOPPING,462391
1098,A58,05-Feb-04,AIR TICKET,193827
1099,A59,28-Feb-05,BUS TICKET,23738
1100,A60,16-Feb-05,TRAIN TICKET,499521
1101,A61,23-Feb-05,RENTAL,146806
1102,A60,03-Feb-05,MOVIE TICKET,43930
1103,A61,04-Feb-06,JEWELLERY,264048
1104,A62,25-Mar-06,PETRO,28456
1105,A36,31-Mar-06,CLOTHES,116559
1106,A37,23-Mar-06,FOOD,153678
1107,A38,19-Mar-04,CAMERA,209360
1108,A39,05-Mar-06,CAMERA,219368
1109,A40,04-Apr-05,CAMERA,76952
1110,A41,30-Apr-06,CAMERA,193034
1111,A42,25-Apr-04,SHOPPING,345847
1112,A43,19-Apr-06,AIR TICKET,277748
1113,A44,06-Apr-04,BUS TICKET,189981
1114,A45,27-Apr-05,TRAIN TICKET,433199
1115,A46,05-May-04,RENTAL,453349
1116,A47,06-May-06,MOVIE TICKET,451041
1117,A48,07-May-05,JEWELLERY,169881
1118,A49,08-May-06,PETRO,286595
1119,A50,09-May-05,PETRO,87281
1120,A51,10-May-06,PETRO,84338
1121,A52,11-Jul-06,PETRO,29787
1122,A53,12-Aug-05,PETRO,454071
1123,A54,13-Sep-04,PETRO,256332
1124,A55,20-Nov-05,PETRO,328474
1125,A56,21-Nov-06,PETRO,194061
1126,A57,22-Nov-05,PETRO,318534
1127,A58,23-Nov-04,PETRO,240966
1128,A59,24-May-05,PETRO,421709
1129,A60,25-May-05,PETRO,170361
1130,A61,26-May-05,RENTAL,88901
1131,A60,27-May-05,MOVIE TICKET,267401
1132,A61,28-May-05,JEWELLERY,282533
1133,A62,29-May-05,PETRO,36572
1134,A36,30-May-05,PETRO,384077
1135,A37,31-May-05,PETRO,336571
1136,A38,01-Jun-05,PETRO,216915
1137,A39,02-Jun-05,PETRO,434058
1138,A40,03-Jun-05,PETRO,442781
1139,A41,03-Jul-05,PETRO,82026
1140,A42,03-Aug-05,PETRO,51041
1141,A43,03-Sep-05,PETRO,461713
1142,A44,03-Oct-05,PETRO,478970
1143,A45,03-Nov-05,PETRO,328971
1144,A46,03-Dec-05,PETRO,78757
1145,A47,03-Jan-06,PETRO,236878
1146,A48,03-Feb-06,BIKE,496498
1147,A49,03-Mar-06,AUTO,482209
1148,A50,03-Apr-06,SHOPPING,460181
1149,A51,03-May-06,AIR TICKET,449624
1150,A52,03-Jun-06,BUS TICKET,431748
1151,A53,03-Jul-06,TRAIN TICKET,65060
1152,A54,03-Aug-06,RENTAL,335059
1153,A55,03-Sep-06,MOVIE TICKET,198284
1154,A56,03-Oct-06,JEWELLERY,166332
1155,A57,03-Nov-06,PETRO,92992
1156,A58,03-Dec-06,CLOTHES,268081
1157,A59,12-Jan-04,FOOD,334589
1158,A60,03-Jan-04,CAMERA,89884
1159,A61,15-Jan-04,CAMERA,351850
1160,A60,25-Jan-04,CAMERA,418587
1161,A61,17-Jan-05,CAMERA,386624
1162,A62,23-Feb-05,SHOPPING,311846
1163,A36,01-Feb-05,AIR TICKET,351784
1164,A37,05-Feb-04,BUS TICKET,131668
1165,A38,28-Feb-05,TRAIN TICKET,310043
1166,A39,16-Feb-05,RENTAL,82830
1167,A40,23-Feb-05,MOVIE TICKET,394177
1168,A41,03-Feb-05,JEWELLERY,145007
1169,A42,04-Feb-06,PETRO,259879
1170,A43,25-Mar-06,CLOTHES,274502
1171,A44,31-Mar-06,FOOD,44448
1172,A45,23-Mar-06,CAMERA,47865
1173,A46,24-Mar-06,SANDALS,374865
1174,A47,25-Mar-06,CAR,396195
1175,A48,26-Mar-06,BIKE,2477
1176,A49,27-Mar-06,AUTO,141227
1177,A50,28-Mar-06,SHOPPING,386569
1178,A51,29-Mar-06,AIR TICKET,279657
1179,A52,30-Mar-06,BUS TICKET,354332
1180,A53,31-Mar-06,TRAIN TICKET,251318
1181,A54,01-Apr-06,RENTAL,213140
1182,A55,02-Apr-06,MOVIE TICKET,173582
1183,A56,03-Apr-06,JEWELLERY,343604
1184,A57,04-Apr-06,PETRO,110575
1185,A58,12-Jan-04,CLOTHES,24478
1186,A59,03-Jan-04,FOOD,328357
1187,A60,15-Jan-04,CAMERA,133122
1188,A61,25-Jan-04,CAMERA,71865
1189,A60,12-Jan-04,CAMERA,122639
1190,A61,03-Jan-04,CAMERA,162323
1191,A62,15-Jan-04,SHOPPING,111677
1192,A36,25-Jan-04,AIR TICKET,272486
1193,A37,12-Jan-04,BUS TICKET,220261
1194,A38,03-Jan-04,TRAIN TICKET,32057
1195,A39,15-Jan-04,RENTAL,464234
1196,A40,25-Jan-04,MOVIE TICKET,104947
1197,A41,12-Jan-04,JEWELLERY,495051
1198,A42,03-Jan-04,PETRO,262770
1199,A43,15-Jan-04,CLOTHES,475528
1200,A44,12-Jan-04,FOOD,168900
1201,A45,03-Jan-04,CAMERA,295934
1202,A46,15-Jan-04,SANDALS,190774
1203,A47,25-Jan-04,CAR,16850
1204,A48,17-Jan-05,BIKE,97897
1205,A49,23-Feb-05,AUTO,402707
1206,A50,01-Feb-05,SHOPPING,284262
1207,A51,05-Feb-04,AIR TICKET,87167
1208,A52,28-Feb-05,BUS TICKET,81366
1209,A53,16-Feb-05,TRAIN TICKET,158354
1210,A54,23-Feb-05,RENTAL,200853
1211,A55,03-Feb-05,MOVIE TICKET,58461
1212,A56,04-Feb-06,JEWELLERY,329721
1213,A57,25-Mar-06,PETRO,450059
1214,A58,31-Mar-06,CLOTHES,409512
1215,A59,23-Mar-06,FOOD,445876
1216,A60,19-Mar-04,CAMERA,14991
1217,A61,05-Mar-06,CAMERA,469845
1218,A60,04-Apr-05,CAMERA,443693
1219,A61,30-Apr-06,CAMERA,430527
1220,A62,25-Apr-04,SHOPPING,109178
1221,A36,19-Apr-06,AIR TICKET,374969
1222,A37,06-Apr-04,BUS TICKET,143929
1223,A38,27-Apr-05,TRAIN TICKET,37127
1224,A39,05-May-04,RENTAL,349490
1225,A40,06-May-06,MOVIE TICKET,191940
1226,A41,07-May-05,JEWELLERY,184710
1227,A42,08-May-06,PETRO,391014
1228,A43,09-May-05,CLOTHES,364359
1229,A44,10-May-06,FOOD,430978
1230,A45,11-Jul-06,CAMERA,306974
1231,A46,12-Aug-05,SANDALS,63981
1232,A47,13-Sep-04,CAR,138922
1233,A48,20-Nov-05,BIKE,471128
1234,A49,21-Nov-06,AUTO,415013
1235,A50,22-Nov-05,SHOPPING,444917
1236,A51,23-Nov-04,AIR TICKET,21041
1237,A52,24-May-05,AIR TICKET,377537
1238,A53,25-May-05,AIR TICKET,397617
1239,A54,26-May-05,AIR TICKET,337990
1240,A55,27-May-05,AIR TICKET,144653
1241,A56,28-May-05,AIR TICKET,45857
1242,A57,29-May-05,AIR TICKET,110596
1243,A58,30-May-05,AIR TICKET,63526
1244,A59,31-May-05,AIR TICKET,274035
1245,A60,01-Jun-05,AIR TICKET,45596
1246,A61,02-Jun-05,AIR TICKET,50848
1247,A60,03-Jun-05,AIR TICKET,365233
1248,A61,03-Jul-05,AIR TICKET,138823
1249,A62,03-Aug-05,AIR TICKET,203943
1250,A36,03-Sep-05,AIR TICKET,267865
1251,A37,03-Oct-05,AIR TICKET,203365
1252,A38,03-Nov-05,AIR TICKET,405826
1253,A39,03-Dec-05,AIR TICKET,133256
1254,A40,03-Jan-06,AIR TICKET,337620
1255,A41,03-Feb-06,AIR TICKET,160896
1256,A42,03-Mar-06,AIR TICKET,258819
1257,A43,03-Apr-06,AIR TICKET,373660
1258,A44,03-May-06,AIR TICKET,115658
1259,A45,03-Jun-06,AIR TICKET,37549
1260,A46,03-Jul-06,AIR TICKET,441170
1261,A47,03-Aug-06,AIR TICKET,486973
1262,A48,03-Sep-06,AIR TICKET,176685
1263,A49,03-Oct-06,JEWELLERY,48533
1264,A50,03-Nov-06,PETRO,449338
1265,A51,03-Dec-06,CLOTHES,265823
1266,A52,12-Jan-04,FOOD,14039
1267,A53,03-Jan-04,CAMERA,142589
1268,A54,15-Jan-04,CAMERA,128729
1269,A55,25-Jan-04,CAMERA,87279
1270,A56,17-Jan-05,CAMERA,351709
1271,A57,23-Feb-05,SHOPPING,457073
1272,A58,01-Feb-05,AIR TICKET,174686
1273,A59,05-Feb-04,BUS TICKET,29278
1274,A60,28-Feb-05,TRAIN TICKET,309766
1275,A61,16-Feb-05,RENTAL,167029
1276,A60,23-Feb-05,MOVIE TICKET,170622
1277,A61,03-Feb-05,JEWELLERY,338180
1278,A62,04-Feb-06,PETRO,166180
1279,A36,25-Mar-06,CLOTHES,354647
1280,A37,31-Mar-06,CLOTHES,360781
1281,A38,23-Mar-06,CLOTHES,219320
1282,A39,24-Mar-06,CLOTHES,76019
1283,A40,25-Mar-06,CLOTHES,103064
1284,A41,26-Mar-06,CLOTHES,401868
1285,A42,27-Mar-06,CLOTHES,32440
1286,A43,28-Mar-06,CLOTHES,202666
1287,A44,29-Mar-06,CLOTHES,193320
1288,A45,30-Mar-06,CLOTHES,62541
1289,A46,31-Mar-06,TRAIN TICKET,433512
1290,A47,01-Apr-06,RENTAL,125528
1291,A48,02-Apr-06,MOVIE TICKET,491998
1292,A49,03-Apr-06,JEWELLERY,3097
1293,A50,04-Apr-06,PETRO,444356
1294,A51,12-Jan-04,CLOTHES,138030
1295,A52,03-Jan-04,FOOD,100211
1296,A53,15-Jan-04,CAMERA,157867
1297,A54,25-Jan-04,CAMERA,115229
1298,A55,12-Jan-04,CAMERA,276174
1299,A56,03-Jan-04,CAMERA,9254
1300,A57,15-Jan-04,SHOPPING,30559
1301,A58,25-Jan-04,AIR TICKET,195802
1302,A59,12-Jan-04,BUS TICKET,50531
1303,A60,03-Jan-04,TRAIN TICKET,289546
1304,A61,15-Jan-04,RENTAL,94031
1305,A60,25-Jan-04,MOVIE TICKET,371203
1306,A61,12-Jan-04,JEWELLERY,217729
1307,A62,03-Jan-04,PETRO,118506
1308,A36,15-Jan-04,CLOTHES,416367
1309,A37,12-Jan-04,FOOD,221305
1310,A38,03-Jan-04,CAMERA,469248
1311,A39,15-Jan-04,SANDALS,263890
1312,A40,25-Jan-04,CAR,497224
1313,A41,17-Jan-05,BIKE,314756
1314,A42,23-Feb-05,AUTO,407658
1315,A43,01-Feb-05,SHOPPING,487529
1316,A44,05-Feb-04,AIR TICKET,135852
1317,A45,28-Feb-05,BUS TICKET,316611
1318,A46,16-Feb-05,TRAIN TICKET,494392
1319,A47,23-Feb-05,TRAIN TICKET,400215
1320,A48,03-Feb-05,TRAIN TICKET,66448
1321,A49,04-Feb-06,TRAIN TICKET,329596
1322,A50,25-Mar-06,TRAIN TICKET,396898
1323,A51,31-Mar-06,TRAIN TICKET,450271
1324,A52,23-Mar-06,TRAIN TICKET,120285
1325,A53,19-Mar-04,TRAIN TICKET,46321
1326,A54,05-Mar-06,TRAIN TICKET,306260
1327,A55,04-Apr-05,TRAIN TICKET,289641
1328,A56,30-Apr-06,TRAIN TICKET,147338
1329,A57,25-Apr-04,TRAIN TICKET,4636
1330,A58,19-Apr-06,TRAIN TICKET,234010
1331,A59,06-Apr-04,TRAIN TICKET,70341
1332,A60,27-Apr-05,TRAIN TICKET,180547
1333,A61,05-May-04,RENTAL,257773
1334,A60,06-May-06,MOVIE TICKET,450059
1335,A61,07-May-05,JEWELLERY,178271
1336,A62,08-May-06,PETRO,353471
1337,A36,09-May-05,CLOTHES,110830
1338,A37,10-May-06,FOOD,31135
1339,A38,11-Jul-06,CAMERA,399236
1340,A39,12-Aug-05,SANDALS,177063
1341,A40,13-Sep-04,CAR,177833
1342,A41,20-Nov-05,BIKE,319066
1343,A42,21-Nov-06,AUTO,103838
1344,A43,22-Nov-05,SHOPPING,465579
1345,A44,23-Nov-04,AIR TICKET,190124
1346,A45,24-May-05,BUS TICKET,264043
1347,A46,25-May-05,TRAIN TICKET,211324
1348,A47,26-May-05,RENTAL,137207
1349,A48,27-May-05,MOVIE TICKET,281359
1350,A49,28-May-05,JEWELLERY,127753
1351,A50,29-May-05,PETRO,241573
1352,A51,30-May-05,PETRO,123169
1353,A52,31-May-05,PETRO,155321
1354,A53,01-Jun-05,PETRO,292166
1355,A54,02-Jun-05,PETRO,464711
1356,A55,03-Jun-05,PETRO,37420
1357,A56,03-Jul-05,PETRO,277600
1358,A57,03-Aug-05,PETRO,309816
1359,A58,03-Sep-05,PETRO,268801
1360,A59,03-Oct-05,PETRO,230422
1361,A60,03-Nov-05,PETRO,224340
1362,A61,03-Dec-05,PETRO,107767
1363,A60,03-Jan-06,PETRO,415840
1364,A61,03-Feb-06,PETRO,68448
1365,A62,03-Mar-06,CAR,9276
1366,A36,03-Apr-06,BIKE,10660
1367,A37,03-May-06,AUTO,491064
1368,A38,03-Jun-06,SHOPPING,453350
1369,A39,03-Jul-06,AIR TICKET,22592
1370,A40,03-Aug-06,BUS TICKET,472681
1371,A41,03-Sep-06,TRAIN TICKET,125190
1372,A42,03-Oct-06,RENTAL,448637
1373,A43,03-Nov-06,MOVIE TICKET,87847
1374,A44,03-Dec-06,JEWELLERY,441663
1375,A45,12-Jan-04,PETRO,52062
1376,A46,03-Jan-04,CLOTHES,72447
1377,A47,15-Jan-04,CLOTHES,231252
1378,A48,25-Jan-04,CLOTHES,126609
1379,A49,17-Jan-05,CLOTHES,352262
1380,A50,23-Feb-05,CLOTHES,310633
1381,A51,01-Feb-05,CLOTHES,276835
1382,A52,05-Feb-04,CLOTHES,147308
1383,A53,28-Feb-05,CLOTHES,205072
1384,A54,16-Feb-05,CLOTHES,320350
1385,A55,23-Feb-05,CLOTHES,404622
1386,A56,03-Feb-05,CLOTHES,180593
1387,A57,04-Feb-06,CLOTHES,322915
1388,A58,25-Mar-06,JEWELLERY,244667
1389,A59,31-Mar-06,PETRO,218166
1390,A60,23-Mar-06,CLOTHES,288368
1391,A61,24-Mar-06,FOOD,308770
1392,A60,25-Mar-06,FOOD,180761
1393,A61,26-Mar-06,FOOD,339831
1394,A62,27-Mar-06,FOOD,305203
1395,A36,28-Mar-06,FOOD,187377
1396,A37,29-Mar-06,FOOD,304905
1397,A38,30-Mar-06,FOOD,315705
1398,A39,31-Mar-06,FOOD,346107
1399,A40,01-Apr-06,FOOD,490591
1400,A41,02-Apr-06,FOOD,6004
1401,A42,03-Apr-06,RENTAL,388533
1402,A43,04-Apr-06,MOVIE TICKET,56511
1403,A44,12-Jan-04,JEWELLERY,300049
1404,A45,03-Jan-04,PETRO,318235
1405,A46,15-Jan-04,CLOTHES,110166
1406,A47,25-Jan-04,FOOD,100993
1407,A48,12-Jan-04,CAMERA,176877
1408,A49,03-Jan-04,CAMERA,182960
1409,A50,15-Jan-04,CAMERA,476400
1410,A51,25-Jan-04,CAMERA,111433
1411,A52,12-Jan-04,SHOPPING,283582
1412,A53,03-Jan-04,AIR TICKET,386086
1413,A54,15-Jan-04,AIR TICKET,349431
1414,A55,25-Jan-04,AIR TICKET,422649
1415,A56,12-Jan-04,AIR TICKET,448353
1416,A57,03-Jan-04,AIR TICKET,23476
1417,A58,15-Jan-04,AIR TICKET,56990
1418,A59,12-Jan-04,AIR TICKET,128928
1419,A60,03-Jan-04,AIR TICKET,382251
1420,A61,15-Jan-04,AIR TICKET,341776
1421,A60,25-Jan-04,AIR TICKET,255222
1422,A61,17-Jan-05,AIR TICKET,158969
1423,A62,23-Feb-05,AIR TICKET,81364
1424,A36,01-Feb-05,AIR TICKET,352645
1425,A37,05-Feb-04,AIR TICKET,148961
1426,A38,28-Feb-05,AIR TICKET,330321
1427,A39,16-Feb-05,AIR TICKET,53254
1428,A40,23-Feb-05,BUS TICKET,252800
1429,A41,03-Feb-05,TRAIN TICKET,237513
1430,A42,04-Feb-06,RENTAL,40580
1431,A43,25-Mar-06,MOVIE TICKET,272390
1432,A44,31-Mar-06,JEWELLERY,263904
1433,A45,23-Mar-06,JEWELLERY,418086
1434,A46,19-Mar-04,JEWELLERY,340989
1435,A47,05-Mar-06,JEWELLERY,276819
1436,A48,04-Apr-05,JEWELLERY,75714
1437,A49,30-Apr-06,JEWELLERY,382480
1438,A50,25-Apr-04,JEWELLERY,97464
1439,A51,19-Apr-06,JEWELLERY,104907
1440,A52,06-Apr-04,JEWELLERY,77479
1441,A53,27-Apr-05,JEWELLERY,309125
1442,A54,05-May-04,JEWELLERY,189032
1443,A55,06-May-06,JEWELLERY,2625
1444,A56,07-May-05,JEWELLERY,480966
1445,A57,08-May-06,JEWELLERY,476286
1446,A58,09-May-05,JEWELLERY,461743
1447,A59,10-May-06,JEWELLERY,72754
1448,A60,11-Jul-06,JEWELLERY,495758
1449,A61,12-Aug-05,AIR TICKET,435963
1450,A60,13-Sep-04,BUS TICKET,50422
1451,A61,20-Nov-05,BUS TICKET,37387
1452,A62,21-Nov-06,BUS TICKET,218977
1453,A63,22-Nov-05,BUS TICKET,112278
1454,A36,23-Nov-04,BUS TICKET,181966
1455,A37,24-May-05,BUS TICKET,209160
1456,A38,25-May-05,BUS TICKET,34746
1457,A39,26-May-05,BUS TICKET,228491
1458,A40,27-May-05,BUS TICKET,404900
1459,A41,28-May-05,BUS TICKET,185205
1460,A42,29-May-05,BUS TICKET,113789
1461,A43,30-May-05,CAMERA,40423
1462,A44,31-May-05,SHOPPING,345588
1463,A45,01-Jun-05,AIR TICKET,116044
1464,A46,02-Jun-05,BUS TICKET,219180
1465,A47,03-Jun-05,TRAIN TICKET,230209
1466,A48,03-Jul-05,RENTAL,403490
1467,A49,03-Aug-05,MOVIE TICKET,452158
1468,A50,03-Sep-05,MOVIE TICKET,159821
1469,A51,03-Oct-05,MOVIE TICKET,433874
1470,A52,03-Nov-05,MOVIE TICKET,74982
1471,A53,03-Dec-05,MOVIE TICKET,373720
1472,A54,03-Jan-06,MOVIE TICKET,102693
1473,A55,03-Feb-06,MOVIE TICKET,474014
1474,A56,03-Mar-06,MOVIE TICKET,127861
1475,A57,03-Apr-06,MOVIE TICKET,472063
1476,A58,03-May-06,AUTO,47757
1477,A59,03-Jun-06,SHOPPING,174033
1478,A60,03-Jul-06,AIR TICKET,28936
1479,A61,03-Aug-06,BUS TICKET,104704
1480,A60,03-Sep-06,TRAIN TICKET,181832
1481,A61,03-Oct-06,RENTAL,6789
1482,A62,03-Nov-06,MOVIE TICKET,450537
1483,A56,03-Dec-06,JEWELLERY,349050
1484,A57,12-Jan-04,PETRO,311355
1485,A58,03-Jan-04,CLOTHES,278593
1486,A59,15-Jan-04,FOOD,177891
1487,A60,25-Jan-04,CAMERA,126664
1488,A61,17-Jan-05,CAMERA,31086
1489,A60,23-Feb-05,CAMERA,439970
1490,A61,01-Feb-05,CAMERA,329480
1491,A62,05-Feb-04,SHOPPING,375543
1492,A63,28-Feb-05,AIR TICKET,190310
1493,A64,16-Feb-05,BUS TICKET,179443
1494,A65,23-Feb-05,BUS TICKET,220036
1495,A66,03-Feb-05,BUS TICKET,108935
1496,A67,04-Feb-06,BUS TICKET,277377
1497,A68,25-Mar-06,BUS TICKET,444564
1498,A69,31-Mar-06,BUS TICKET,44915
1499,A70,23-Mar-06,BUS TICKET,181043
1500,A71,24-Mar-06,BUS TICKET,97702
